﻿<?xml version="1.0" encoding="utf-8"?>
<!--DO NOT EDIT. This document is generated by PSoC Creator design builds.-->
<PSoCCreatorIdeExport Version="1">
  <Device Part="CY8C4246AZI-M443" Processor="CortexM0" DeviceID="112511A1" />
  <Toolchains>
    <Toolchain Name="ARM GCC Generic" Selected="True">
      <Tool Name="prebuild" Command="" Options="" />
      <Tool Name="assembler" Command="arm-none-eabi-as.exe" Options="-mcpu=cortex-m0 -mthumb -I. -IGenerated_Source\PSoC4 -alh=${OutputDir}/${CompileFile}.lst -g -W" />
      <Tool Name="compiler" Command="arm-none-eabi-gcc.exe" Options="-mcpu=cortex-m0 -mthumb -I. -IGenerated_Source\PSoC4 -Wa,-alh=${OutputDir}/${CompileFile}.lst -g -D DEBUG -D CY_CORE_ID=0 -Wall -ffunction-sections -ffat-lto-objects -Og" />
      <Tool Name="linker" Command="arm-none-eabi-gcc.exe" Options="-mcpu=cortex-m0 -mthumb -L Generated_Source\PSoC4 -Wl,-Map,${OutputDir}/${ProjectShortName}.map -T Generated_Source\PSoC4\cm0gcc.ld -specs=nano.specs -Wl,--gc-sections -g -ffunction-sections -Og -ffat-lto-objects" />
      <Tool Name="postbuild" Command="" Options="" />
    </Toolchain>
    <Toolchain Name="ARM MDK Generic" Selected="False">
      <Tool Name="prebuild" Command="" Options="" />
      <Tool Name="assembler" Command="armasm.exe" Options="--cpu=Cortex-M0 --diag_style=gnu --thumb -i. -iGenerated_Source\PSoC4 -g --list=${OutputDir}/${CompileFile}.lst &quot;--predefine=__MICROLIB SETA 1&quot;" />
      <Tool Name="compiler" Command="armcc.exe" Options="--cpu=Cortex-M0 --C99 --diag_style=gnu -I. -IGenerated_Source\PSoC4 --list --signed_chars -g -D DEBUG -D CY_CORE_ID=0 -O0 --split_sections -D__MICROLIB" />
      <Tool Name="linker" Command="armlink.exe" Options="--cpu=Cortex-M0 --diag_style=gnu --no_startup --library_type=microlib --map --list ${OutputDir}/${ProjectShortName}.map --scatter Generated_Source\PSoC4\Cm0RealView.scat" />
      <Tool Name="postbuild" Command="" Options="" />
    </Toolchain>
    <Toolchain Name="ARM IAR Generic" Selected="False">
      <Tool Name="prebuild" Command="" Options="" />
      <Tool Name="assembler" Command="iasmarm.exe" Options="--cpu Cortex-M0 -I. -IGenerated_Source\PSoC4 -s+ -M&lt;&gt; -w+ -r -DDEBUG --fpu None" />
      <Tool Name="compiler" Command="iccarm.exe" Options="--cpu Cortex-M0 -I. -IGenerated_Source\PSoC4 -D DEBUG -D CY_CORE_ID=0 -I. -IGenerated_Source\PSoC4 -D DEBUG -D CY_CORE_ID=0 --no_cse --no_unroll --no_inline --no_code_motion --no_tbaa --no_clustering --no_scheduling --debug --endian=little -e --fpu=None -On --no_wrap_diagnostics" />
      <Tool Name="linker" Command="ilinkarm.exe" Options="--semihosting --entry __iar_program_start --config Generated_Source\PSoC4\Cm0Iar.icf" />
      <Tool Name="postbuild" Command="" Options="" />
    </Toolchain>
  </Toolchains>
  <Project Name="PathController" Path="C:\Users\EricHoffman\Documents\PSoC Creator\PathController\PathController.cydsn" Version="5.90" Type="Normal">
    <CMSIS_SVD_File>PathController.svd</CMSIS_SVD_File>
    <Datasheet />
    <LinkerFiles>
      <LinkerFile Toolchain="ARM GCC Generic">.\Generated_Source\PSoC4\cm0gcc.ld</LinkerFile>
      <LinkerFile Toolchain="ARM MDK Generic">.\Generated_Source\PSoC4\Cm0RealView.scat</LinkerFile>
      <LinkerFile Toolchain="ARM IAR Generic">.\Generated_Source\PSoC4\Cm0Iar.icf</LinkerFile>
    </LinkerFiles>
    <Folders>
      <Folder BuildType="STRICT" Path="C:\Users\EricHoffman\Documents\PSoC Creator\PathController\PathController.cydsn">
        <Files Root="C:\Users\EricHoffman\Documents\PSoC Creator\PathController\PathController.cydsn">
          <File BuildType="BUILD" Toolchain="">main.c</File>
          <File BuildType="BUILD" Toolchain="">cyapicallbacks.h</File>
          <File BuildType="BUILD" Toolchain="">main.h</File>
        </Files>
      </Folder>
      <Folder BuildType="STRICT" Path="C:\Users\EricHoffman\Documents\PSoC Creator\PathController\PathController.cydsn\Generated_Source\PSoC4">
        <Files Root="C:\Users\EricHoffman\Documents\PSoC Creator\PathController\PathController.cydsn">
          <File BuildType="BUILD" Toolchain="">Generated_Source\PSoC4\cyfitter_cfg.h</File>
          <File BuildType="BUILD" Toolchain="">Generated_Source\PSoC4\cyfitter_cfg.c</File>
          <File BuildType="BUILD" Toolchain="">Generated_Source\PSoC4\cymetadata.c</File>
          <File BuildType="BUILD" Toolchain="">Generated_Source\PSoC4\cydevice_trm.h</File>
          <File BuildType="BUILD" Toolchain="">Generated_Source\PSoC4\cydevicegnu_trm.inc</File>
          <File BuildType="BUILD" Toolchain="">Generated_Source\PSoC4\cydevicerv_trm.inc</File>
          <File BuildType="BUILD" Toolchain="">Generated_Source\PSoC4\cydeviceiar_trm.inc</File>
          <File BuildType="BUILD" Toolchain="">Generated_Source\PSoC4\cyfittergnu.inc</File>
          <File BuildType="BUILD" Toolchain="">Generated_Source\PSoC4\cyfitterrv.inc</File>
          <File BuildType="BUILD" Toolchain="">Generated_Source\PSoC4\cyfitteriar.inc</File>
          <File BuildType="BUILD" Toolchain="">Generated_Source\PSoC4\cyfitter.h</File>
          <File BuildType="BUILD" Toolchain="">Generated_Source\PSoC4\cydisabledsheets.h</File>
          <File BuildType="BUILD" Toolchain="">Generated_Source\PSoC4\LED4.c</File>
          <File BuildType="BUILD" Toolchain="">Generated_Source\PSoC4\LED4.h</File>
          <File BuildType="BUILD" Toolchain="">Generated_Source\PSoC4\LED4_aliases.h</File>
          <File BuildType="BUILD" Toolchain="">Generated_Source\PSoC4\LED4_PM.c</File>
          <File BuildType="BUILD" Toolchain="">Generated_Source\PSoC4\LED3.c</File>
          <File BuildType="BUILD" Toolchain="">Generated_Source\PSoC4\LED3.h</File>
          <File BuildType="BUILD" Toolchain="">Generated_Source\PSoC4\LED3_aliases.h</File>
          <File BuildType="BUILD" Toolchain="">Generated_Source\PSoC4\LED3_PM.c</File>
          <File BuildType="BUILD" Toolchain="">Generated_Source\PSoC4\LED2.c</File>
          <File BuildType="BUILD" Toolchain="">Generated_Source\PSoC4\LED2.h</File>
          <File BuildType="BUILD" Toolchain="">Generated_Source\PSoC4\LED2_aliases.h</File>
          <File BuildType="BUILD" Toolchain="">Generated_Source\PSoC4\LED2_PM.c</File>
          <File BuildType="BUILD" Toolchain="">Generated_Source\PSoC4\LED1.c</File>
          <File BuildType="BUILD" Toolchain="">Generated_Source\PSoC4\LED1.h</File>
          <File BuildType="BUILD" Toolchain="">Generated_Source\PSoC4\LED1_aliases.h</File>
          <File BuildType="BUILD" Toolchain="">Generated_Source\PSoC4\LED1_PM.c</File>
          <File BuildType="BUILD" Toolchain="">Generated_Source\PSoC4\LED0.c</File>
          <File BuildType="BUILD" Toolchain="">Generated_Source\PSoC4\LED0.h</File>
          <File BuildType="BUILD" Toolchain="">Generated_Source\PSoC4\LED0_aliases.h</File>
          <File BuildType="BUILD" Toolchain="">Generated_Source\PSoC4\LED0_PM.c</File>
          <File BuildType="BUILD" Toolchain="">Generated_Source\PSoC4\LED5.c</File>
          <File BuildType="BUILD" Toolchain="">Generated_Source\PSoC4\LED5.h</File>
          <File BuildType="BUILD" Toolchain="">Generated_Source\PSoC4\LED5_aliases.h</File>
          <File BuildType="BUILD" Toolchain="">Generated_Source\PSoC4\LED5_PM.c</File>
          <File BuildType="BUILD" Toolchain="">Generated_Source\PSoC4\cy_em_eeprom.c</File>
          <File BuildType="BUILD" Toolchain="">Generated_Source\PSoC4\cy_em_eeprom.h</File>
          <File BuildType="BUILD" Toolchain="ARM GCC Generic">Generated_Source\PSoC4\cm0gcc.ld</File>
          <File BuildType="BUILD" Toolchain="ARM MDK Generic">Generated_Source\PSoC4\Cm0RealView.scat</File>
          <File BuildType="BUILD" Toolchain="">Generated_Source\PSoC4\Cm0Start.c</File>
          <File BuildType="BUILD" Toolchain="">Generated_Source\PSoC4\core_cm0.h</File>
          <File BuildType="BUILD" Toolchain="">Generated_Source\PSoC4\core_cm0_psoc4.h</File>
          <File BuildType="BUILD" Toolchain="ARM MDK Generic">Generated_Source\PSoC4\CyBootAsmRv.s</File>
          <File BuildType="BUILD" Toolchain="">Generated_Source\PSoC4\CyFlash.c</File>
          <File BuildType="BUILD" Toolchain="">Generated_Source\PSoC4\CyFlash.h</File>
          <File BuildType="BUILD" Toolchain="">Generated_Source\PSoC4\CyLib.c</File>
          <File BuildType="BUILD" Toolchain="">Generated_Source\PSoC4\CyLib.h</File>
          <File BuildType="BUILD" Toolchain="">Generated_Source\PSoC4\cyPm.c</File>
          <File BuildType="BUILD" Toolchain="">Generated_Source\PSoC4\cyPm.h</File>
          <File BuildType="BUILD" Toolchain="">Generated_Source\PSoC4\cytypes.h</File>
          <File BuildType="BUILD" Toolchain="">Generated_Source\PSoC4\cyutils.c</File>
          <File BuildType="BUILD" Toolchain="">Generated_Source\PSoC4\cypins.h</File>
          <File BuildType="BUILD" Toolchain="">Generated_Source\PSoC4\core_cmFunc.h</File>
          <File BuildType="BUILD" Toolchain="">Generated_Source\PSoC4\core_cmInstr.h</File>
          <File BuildType="BUILD" Toolchain="ARM IAR Generic">Generated_Source\PSoC4\Cm0Iar.icf</File>
          <File BuildType="BUILD" Toolchain="ARM IAR Generic">Generated_Source\PSoC4\CyBootAsmIar.s</File>
          <File BuildType="BUILD" Toolchain="">Generated_Source\PSoC4\cmsis_armcc.h</File>
          <File BuildType="BUILD" Toolchain="">Generated_Source\PSoC4\cmsis_gcc.h</File>
          <File BuildType="BUILD" Toolchain="">Generated_Source\PSoC4\cmsis_compiler.h</File>
          <File BuildType="BUILD" Toolchain="ARM GCC Generic">Generated_Source\PSoC4\CyBootAsmGnu.s</File>
          <File BuildType="BUILD" Toolchain="">Generated_Source\PSoC4\CyDMA.h</File>
          <File BuildType="BUILD" Toolchain="">Generated_Source\PSoC4\CyDMA.c</File>
          <File BuildType="BUILD" Toolchain="">Generated_Source\PSoC4\CyLFClk.c</File>
          <File BuildType="BUILD" Toolchain="">Generated_Source\PSoC4\CyLFClk.h</File>
          <File BuildType="BUILD" Toolchain="">Generated_Source\PSoC4\project.h</File>
          <File BuildType="BUILD" Toolchain="">Generated_Source\PSoC4\cycodeshareimport.ld</File>
          <File BuildType="BUILD" Toolchain="">Generated_Source\PSoC4\cycodeshareexport.ld</File>
          <File BuildType="BUILD" Toolchain="">Generated_Source\PSoC4\cycodeshareimport.scat</File>
          <File BuildType="BUILD" Toolchain="">Generated_Source\PSoC4\UART_DBG.c</File>
          <File BuildType="BUILD" Toolchain="">Generated_Source\PSoC4\UART_DBG.h</File>
          <File BuildType="BUILD" Toolchain="">Generated_Source\PSoC4\UART_DBG_SPI_UART.h</File>
          <File BuildType="BUILD" Toolchain="">Generated_Source\PSoC4\UART_DBG_SPI_UART.c</File>
          <File BuildType="BUILD" Toolchain="">Generated_Source\PSoC4\UART_DBG_SPI_UART_INT.c</File>
          <File BuildType="BUILD" Toolchain="">Generated_Source\PSoC4\UART_DBG_PM.c</File>
          <File BuildType="BUILD" Toolchain="">Generated_Source\PSoC4\UART_DBG_UART.c</File>
          <File BuildType="BUILD" Toolchain="">Generated_Source\PSoC4\UART_DBG_BOOT.c</File>
          <File BuildType="BUILD" Toolchain="">Generated_Source\PSoC4\UART_DBG_UART_BOOT.c</File>
          <File BuildType="BUILD" Toolchain="">Generated_Source\PSoC4\UART_DBG_PINS.h</File>
          <File BuildType="BUILD" Toolchain="">Generated_Source\PSoC4\UART_DBG_SPI_UART_PVT.h</File>
          <File BuildType="BUILD" Toolchain="">Generated_Source\PSoC4\UART_DBG_PVT.h</File>
          <File BuildType="BUILD" Toolchain="">Generated_Source\PSoC4\UART_DBG_BOOT.h</File>
          <File BuildType="BUILD" Toolchain="">Generated_Source\PSoC4\UART_DBG_SCBCLK.c</File>
          <File BuildType="BUILD" Toolchain="">Generated_Source\PSoC4\UART_DBG_SCBCLK.h</File>
          <File BuildType="BUILD" Toolchain="">Generated_Source\PSoC4\UART_DBG_tx.c</File>
          <File BuildType="BUILD" Toolchain="">Generated_Source\PSoC4\UART_DBG_tx.h</File>
          <File BuildType="BUILD" Toolchain="">Generated_Source\PSoC4\UART_DBG_tx_aliases.h</File>
          <File BuildType="BUILD" Toolchain="">Generated_Source\PSoC4\UART_DBG_tx_PM.c</File>
          <File BuildType="BUILD" Toolchain="">Generated_Source\PSoC4\UART_DBG_SCB_IRQ.c</File>
          <File BuildType="BUILD" Toolchain="">Generated_Source\PSoC4\UART_DBG_SCB_IRQ.h</File>
          <File BuildType="BUILD" Toolchain="">Generated_Source\PSoC4\UART_DBG_rx.c</File>
          <File BuildType="BUILD" Toolchain="">Generated_Source\PSoC4\UART_DBG_rx.h</File>
          <File BuildType="BUILD" Toolchain="">Generated_Source\PSoC4\UART_DBG_rx_aliases.h</File>
          <File BuildType="BUILD" Toolchain="">Generated_Source\PSoC4\UART_DBG_rx_PM.c</File>
          <File BuildType="BUILD" Toolchain="">Generated_Source\PSoC4\LED6.c</File>
          <File BuildType="BUILD" Toolchain="">Generated_Source\PSoC4\LED6.h</File>
          <File BuildType="BUILD" Toolchain="">Generated_Source\PSoC4\LED6_aliases.h</File>
          <File BuildType="BUILD" Toolchain="">Generated_Source\PSoC4\LED6_PM.c</File>
          <File BuildType="BUILD" Toolchain="">Generated_Source\PSoC4\WDT_ISR.c</File>
          <File BuildType="BUILD" Toolchain="">Generated_Source\PSoC4\WDT_ISR.h</File>
          <File BuildType="BUILD" Toolchain="">Generated_Source\PSoC4\UART_GPS.c</File>
          <File BuildType="BUILD" Toolchain="">Generated_Source\PSoC4\UART_GPS.h</File>
          <File BuildType="BUILD" Toolchain="">Generated_Source\PSoC4\UART_GPS_SPI_UART.h</File>
          <File BuildType="BUILD" Toolchain="">Generated_Source\PSoC4\UART_GPS_SPI_UART.c</File>
          <File BuildType="BUILD" Toolchain="">Generated_Source\PSoC4\UART_GPS_SPI_UART_INT.c</File>
          <File BuildType="BUILD" Toolchain="">Generated_Source\PSoC4\UART_GPS_PM.c</File>
          <File BuildType="BUILD" Toolchain="">Generated_Source\PSoC4\UART_GPS_UART.c</File>
          <File BuildType="BUILD" Toolchain="">Generated_Source\PSoC4\UART_GPS_BOOT.c</File>
          <File BuildType="BUILD" Toolchain="">Generated_Source\PSoC4\UART_GPS_UART_BOOT.c</File>
          <File BuildType="BUILD" Toolchain="">Generated_Source\PSoC4\UART_GPS_PINS.h</File>
          <File BuildType="BUILD" Toolchain="">Generated_Source\PSoC4\UART_GPS_SPI_UART_PVT.h</File>
          <File BuildType="BUILD" Toolchain="">Generated_Source\PSoC4\UART_GPS_PVT.h</File>
          <File BuildType="BUILD" Toolchain="">Generated_Source\PSoC4\UART_GPS_BOOT.h</File>
          <File BuildType="BUILD" Toolchain="">Generated_Source\PSoC4\UART_FC.c</File>
          <File BuildType="BUILD" Toolchain="">Generated_Source\PSoC4\UART_FC.h</File>
          <File BuildType="BUILD" Toolchain="">Generated_Source\PSoC4\UART_FC_SPI_UART.h</File>
          <File BuildType="BUILD" Toolchain="">Generated_Source\PSoC4\UART_FC_SPI_UART.c</File>
          <File BuildType="BUILD" Toolchain="">Generated_Source\PSoC4\UART_FC_SPI_UART_INT.c</File>
          <File BuildType="BUILD" Toolchain="">Generated_Source\PSoC4\UART_FC_PM.c</File>
          <File BuildType="BUILD" Toolchain="">Generated_Source\PSoC4\UART_FC_UART.c</File>
          <File BuildType="BUILD" Toolchain="">Generated_Source\PSoC4\UART_FC_BOOT.c</File>
          <File BuildType="BUILD" Toolchain="">Generated_Source\PSoC4\UART_FC_UART_BOOT.c</File>
          <File BuildType="BUILD" Toolchain="">Generated_Source\PSoC4\UART_FC_PINS.h</File>
          <File BuildType="BUILD" Toolchain="">Generated_Source\PSoC4\UART_FC_SPI_UART_PVT.h</File>
          <File BuildType="BUILD" Toolchain="">Generated_Source\PSoC4\UART_FC_PVT.h</File>
          <File BuildType="BUILD" Toolchain="">Generated_Source\PSoC4\UART_FC_BOOT.h</File>
          <File BuildType="BUILD" Toolchain="">Generated_Source\PSoC4\UART_GPS_SCBCLK.c</File>
          <File BuildType="BUILD" Toolchain="">Generated_Source\PSoC4\UART_GPS_SCBCLK.h</File>
          <File BuildType="BUILD" Toolchain="">Generated_Source\PSoC4\UART_GPS_tx.c</File>
          <File BuildType="BUILD" Toolchain="">Generated_Source\PSoC4\UART_GPS_tx.h</File>
          <File BuildType="BUILD" Toolchain="">Generated_Source\PSoC4\UART_GPS_tx_aliases.h</File>
          <File BuildType="BUILD" Toolchain="">Generated_Source\PSoC4\UART_GPS_tx_PM.c</File>
          <File BuildType="BUILD" Toolchain="">Generated_Source\PSoC4\UART_GPS_SCB_IRQ.c</File>
          <File BuildType="BUILD" Toolchain="">Generated_Source\PSoC4\UART_GPS_SCB_IRQ.h</File>
          <File BuildType="BUILD" Toolchain="">Generated_Source\PSoC4\UART_GPS_rx.c</File>
          <File BuildType="BUILD" Toolchain="">Generated_Source\PSoC4\UART_GPS_rx.h</File>
          <File BuildType="BUILD" Toolchain="">Generated_Source\PSoC4\UART_GPS_rx_aliases.h</File>
          <File BuildType="BUILD" Toolchain="">Generated_Source\PSoC4\UART_GPS_rx_PM.c</File>
          <File BuildType="BUILD" Toolchain="">Generated_Source\PSoC4\UART_FC_SCBCLK.c</File>
          <File BuildType="BUILD" Toolchain="">Generated_Source\PSoC4\UART_FC_SCBCLK.h</File>
          <File BuildType="BUILD" Toolchain="">Generated_Source\PSoC4\UART_FC_tx.c</File>
          <File BuildType="BUILD" Toolchain="">Generated_Source\PSoC4\UART_FC_tx.h</File>
          <File BuildType="BUILD" Toolchain="">Generated_Source\PSoC4\UART_FC_tx_aliases.h</File>
          <File BuildType="BUILD" Toolchain="">Generated_Source\PSoC4\UART_FC_tx_PM.c</File>
          <File BuildType="BUILD" Toolchain="">Generated_Source\PSoC4\UART_FC_rx.c</File>
          <File BuildType="BUILD" Toolchain="">Generated_Source\PSoC4\UART_FC_rx.h</File>
          <File BuildType="BUILD" Toolchain="">Generated_Source\PSoC4\UART_FC_rx_aliases.h</File>
          <File BuildType="BUILD" Toolchain="">Generated_Source\PSoC4\UART_FC_rx_PM.c</File>
          <File BuildType="BUILD" Toolchain="">Generated_Source\PSoC4\UART_FC_SCB_IRQ.c</File>
          <File BuildType="BUILD" Toolchain="">Generated_Source\PSoC4\UART_FC_SCB_IRQ.h</File>
        </Files>
      </Folder>
      <Folder BuildType="EXCLUDE" Path=".\codegentemp">
        <Files Root="C:\Users\EricHoffman\Documents\PSoC Creator\PathController\PathController.cydsn" />
      </Folder>
      <Folder BuildType="EXCLUDE" Path=".\ARM_GCC_441">
        <Files Root="C:\Users\EricHoffman\Documents\PSoC Creator\PathController\PathController.cydsn" />
      </Folder>
      <Folder BuildType="EXCLUDE" Path=".\ARM_GCC_473">
        <Files Root="C:\Users\EricHoffman\Documents\PSoC Creator\PathController\PathController.cydsn" />
      </Folder>
      <Folder BuildType="EXCLUDE" Path=".\DP8051_Keil_952">
        <Files Root="C:\Users\EricHoffman\Documents\PSoC Creator\PathController\PathController.cydsn" />
      </Folder>
      <Folder BuildType="EXCLUDE" Path=".\DP8051">
        <Files Root="C:\Users\EricHoffman\Documents\PSoC Creator\PathController\PathController.cydsn" />
      </Folder>
      <Folder BuildType="EXCLUDE" Path=".\CortexM0">
        <Files Root="C:\Users\EricHoffman\Documents\PSoC Creator\PathController\PathController.cydsn" />
      </Folder>
      <Folder BuildType="EXCLUDE" Path=".\CortexM0p">
        <Files Root="C:\Users\EricHoffman\Documents\PSoC Creator\PathController\PathController.cydsn" />
      </Folder>
      <Folder BuildType="EXCLUDE" Path=".\CortexM3">
        <Files Root="C:\Users\EricHoffman\Documents\PSoC Creator\PathController\PathController.cydsn" />
      </Folder>
      <Folder BuildType="EXCLUDE" Path=".\CortexM4">
        <Files Root="C:\Users\EricHoffman\Documents\PSoC Creator\PathController\PathController.cydsn" />
      </Folder>
      <Folder BuildType="EXCLUDE" Path=".\CortexM7">
        <Files Root="C:\Users\EricHoffman\Documents\PSoC Creator\PathController\PathController.cydsn" />
      </Folder>
    </Folders>
  </Project>
</PSoCCreatorIdeExport>